slug,title_tag_goes_here,meta_description_goes_here,hero_section_heading,hero_section_intro,benefit_variable_1,benefit_variable_2,benefit_variable_3
scrapingbee,Google Shopping Scraper API | ScrapingBee,"Scrape Amazon product data worldwide with our powerful web scraping API. Get prices, reviews, and rankings from any Amazon domain - all with a single API call.",Google Shopping Scraper API,"Scrape Google Shopping results, allowing you to transform it into a competitive advantage. Real-time pricing data, product tracking, global market coverage — all with a single API call.",Scrape Amazon product data in detail from all regional domains. Simultaneously.,Extract everything from prices to reviews to delivery details. Receive clean JSON.,Try our Amazon Scraper to quickly start scraping Amazon Data.
google-maps-scraper,Google Shopping Scraper API | ScrapingBee,"Scrape Google Shopping results, allowing you to transform it into a competitive advantage. Real-time pricing data, product tracking, global market coverage — all with a single API call.",Google Shopping Scraper API,"Scrape Google Shopping results, allowing you to transform it into a competitive advantage. Real-time pricing data, product tracking, global market coverage — all with a single API call.",Enables you to monitor any product across every market. In real-time.,From prices to reviews to seller ratings - every data point you need.,"Try our Google Shopping Scraper to quickly start scraping Google Shopping Data. Receive clean, structured JSON."
ebay-scraper,Home Depot Scraper API | ScrapingBee,"Access Home Depot's vast product catalog with our powerful web scraping API. Get prices, specifications, and availability across product categories with unmatched reliability.",Home Depot Scraper API,"Access Home Depot's vast product catalog with our powerful web scraping API. Get prices, specifications, and availability across product categories with unmatched reliability.",Gather detailed product data from America's largest home improvement retailer. At scale.,Extract everything from prices to model numbers to reviews with exceptional accuracy.,"Try our Home Depot Scraper to quickly start scraping Home Depot Data. Receive clean, structured JSON."
google-scholar-scraper,Google Maps Scraper - Easy Use & Free Credits Signup,Extract structured data from Google Maps effortlessly with our scraper. Automate data collection and access real-time information with a single API call.,Google Maps Scraper API,"Extract Google Maps data effortlessly with our robust API. Access real-time location details, business info, and user reviews. Streamline your development process and enhance your applications with precise data, all in one seamless API call.",Save hours on data integration,Automate tedious data tasks,Boost app efficiency instantly
google-finance-scraper,eBay Scraper Tool - Free Credits on Signup,"Extract eBay data effortlessly with our eBay scraper. Access real-time pricing, product details, and more with a single API call. Automate your data collection.",eBay Scraper API,"Extract eBay data effortlessly with our eBay scraper API. Access real-time pricing, product details, and seller info. Streamline your workflow and gain insights with a single API call. Perfect for developer teams seeking efficiency and precision. Start scraping eBay today.",Save hours on data extraction,Automate tedious data tasks,Boost productivity instantly
google-flights-scraper,"Google Hotels Scraper - Simple Tool, Free Signup Credits","Scrape Google Hotels data effortlessly with our API. Access real-time pricing, availability, and reviews. Automate your data collection with ease.",Google Hotels Scraper API,"Scrape Google hotel data effortlessly. Access real-time pricing, availability, and reviews with a single API call. Empower your team with precise insights and stay ahead in the market.",Streamline coding tasks,Boost coding efficiency,Save hours on manual data collection
google-image-scraper,Google Scholar Scraper - Free Signup Credits & Easy Use,"Effortlessly extract data from Google Scholar with our scraper. Automate research, gather citations, and access structured information with ease.",Google Scholar Scraper API,"Effortlessly scrape Google Scholar data with our robust API. Access citations, authors, and publication details in real-time. Streamline your research process and gain insights with precision. Perfect for developer teams seeking efficient data extraction.",Save time with instant data access,Boost productivity with seamless integration,"Automate tasks, focus on coding"
google-trends-scraper,"Google Finance Scraper - Free Signup Credits, Simple Use",Effortlessly extract Google Finance data with our scraper. Access real-time financial information and automate data collection with a single API call.,Google Finance Scraper API,"Extract Google Finance data effortlessly with our API. Access real-time stock prices, financial news, and market trends. Streamline your workflow and make informed decisions with precise data at your fingertips. Start optimizing your financial insights today.",Save coding time,Automate data tasks instantly,Boost productivity with zero hassle
google,"Google Flights Scraper - Free Signup Credits, Simple Use","Scrape Google Flights data effortlessly with our API. Access real-time flight information, pricing, and availability. Automate your data collection seamlessly.",Google Flights Scraper API,"Scrape Google Flights data effortlessly. Access real-time flight prices, schedules, and availability with a single API call. Empower your team with precise data for better decision-making and competitive insights. Start transforming your travel data strategy today.",Streamline coding with instant flight data,Code faster with live flight updates,Boost productivity with seamless integration
image,"Google Image Scraper - Free Credits, Simple Signup",Scrape Google Images effortlessly with our Google image scraper. Access structured data and automate your projects with a simple API call.,Google Image Scraper API,"Extract Google image data effortlessly with our API. Access real-time visuals, metadata, and trends. Enhance your projects with precise image insights. One API call, endless possibilities for your development team.",Streamline image data integration,Simplify image data tasks,Save hours on manual image data tasks
trands,"Google Trends Scraper - Free Credits, Simple Signup",Scrape Google Trends data effortlessly with our API. Access real-time insights and automate data collection without IP blocks. Transform data into actionable insights.,Google Trends Scraper API,"Extract Google Trends data effortlessly with our API. Gain insights, track trends, and stay ahead in the market. Access real-time data and make informed decisions with ease. Perfect for developer teams seeking a competitive edge. Start leveraging data today.",Save hours on data analysis,Automate trend tracking,Boost project efficiency